overtone,Dfreq_mean,Dfreq_std_dev,Dfreq_median,range_used,data_source
fundamental_freq,-5.1752469799152628E+01,1.0186603131632388E-01,-5.1749786349944770E+01,y,qcmi_sample
3rd_freq,-1.3249978896770992E+02,4.0419906790115334E-01,-1.3254208058305085E+02,y,qcmi_sample
5th_freq,-2.0577457556549729E+02,6.6282440121702091E-01,-2.0586055759713054E+02,y,qcmi_sample
7th_freq,-2.7820465932090104E+02,1.4010291286146870E+00,-2.7830199126899242E+02,y,qcmi_sample
9th_freq,-3.5290539407418441E+02,2.6653149301579968E+00,-3.5289967441558838E+02,y,qcmi_sample
11th_freq,-4.1683843770618336E+02,3.2358793154006955E+00,-4.1686837963014841E+02,y,qcmi_sample
13th_freq,0.0000000000000000E+00,0.0000000000000000E+00,0.0000000000000000E+00,y,qcmi_sample
