overtone,Ddis_mean,Ddis_std_dev,Ddis_median,range_used,data_source
fundamental_dis,7.2031814076761948E-06,4.8327583246806638E-08,7.2126537400738857E-06,y,raw_data/Formatted-qcmi_sample.csv
3rd_dis,4.6665681269983572E-06,3.6226232502548371E-08,4.6645123691087102E-06,y,raw_data/Formatted-qcmi_sample.csv
5th_dis,4.2476419843370179E-06,4.1700449681699783E-08,4.2519442700956383E-06,y,raw_data/Formatted-qcmi_sample.csv
7th_dis,3.5167015147623592E-06,8.2460248872974150E-08,3.5188521057347703E-06,y,raw_data/Formatted-qcmi_sample.csv
9th_dis,2.9819190823462516E-06,1.5606760336448046E-07,2.9742957718242305E-06,y,raw_data/Formatted-qcmi_sample.csv
11th_dis,3.0601387751603712E-06,1.5930989904216273E-07,3.0651756228079748E-06,y,raw_data/Formatted-qcmi_sample.csv
13th_dis,0.0000000000000000E+00,0.0000000000000000E+00,0.0000000000000000E+00,y,raw_data/Formatted-qcmi_sample.csv
