overtone,Dfreq_mean,Dfreq_std_dev,Dfreq_median,range_used,data_source
fundamental_freq,-5.1801162683950928E+01,8.8727526339207025E-02,-5.1800861434079707E+01,y,raw_data/Formatted-qcmi_sample.csv
3rd_freq,-1.3269326215457900E+02,2.6029610569613787E-01,-1.3268771939165890E+02,y,raw_data/Formatted-qcmi_sample.csv
5th_freq,-2.0623351643491407E+02,4.2365080407807820E-01,-2.0623607317358255E+02,y,raw_data/Formatted-qcmi_sample.csv
7th_freq,-2.7944729549412068E+02,1.1204692899214213E+00,-2.7942984741181135E+02,y,raw_data/Formatted-qcmi_sample.csv
9th_freq,-3.5363162499906002E+02,2.3887505345240143E+00,-3.5334206332266331E+02,y,raw_data/Formatted-qcmi_sample.csv
11th_freq,-4.1847548620188718E+02,2.6658761107455908E+00,-4.1859025585651398E+02,y,raw_data/Formatted-qcmi_sample.csv
13th_freq,0.0000000000000000E+00,0.0000000000000000E+00,0.0000000000000000E+00,y,raw_data/Formatted-qcmi_sample.csv
