overtone,Dfreq_mean,Dfreq_std_dev,Dfreq_median,range_used,data_source
fundamental_freq,-2.2990612530176129E+01,2.8996252506937367E-02,-2.3004599297419190E+01,qsenseY,raw_data/Formatted-qsense_sample.csv
3rd_freq,7.8360161928726091E-01,5.7475344769681559E-02,7.9040878359228373E-01,qsenseY,raw_data/Formatted-qsense_sample.csv
5th_freq,1.6662154829927853E+00,6.1048696235591067E-02,1.6715260548517108E+00,qsenseY,raw_data/Formatted-qsense_sample.csv
7th_freq,2.4729146848991514E+00,6.8968966081882452E-02,2.4778535794466734E+00,qsenseY,raw_data/Formatted-qsense_sample.csv
9th_freq,1.1329399243156826E+00,2.4891430287037095E-02,1.1385256676003337E+00,qsenseY,raw_data/Formatted-qsense_sample.csv
11th_freq,2.4050075441652110E+00,6.3775152187546244E-02,2.4117902619764209E+00,qsenseY,raw_data/Formatted-qsense_sample.csv
13th_freq,2.4730846699220792E+00,7.6696258126859512E-02,2.4786623874679208E+00,qsenseY,raw_data/Formatted-qsense_sample.csv
