overtone,Ddis_mean,Ddis_std_dev,Ddis_median,range_used,data_source
fundamental_dis,7.2066498295900584E-06,4.9364252881066022E-08,7.2165841000739112E-06,y,raw_data/Formatted-qcmi_sample.csv
3rd_dis,4.6668305349137520E-06,3.7650872909768942E-08,4.6645123691087102E-06,y,raw_data/Formatted-qcmi_sample.csv
5th_dis,4.2443161764966480E-06,4.3677952779995021E-08,4.2461932945956477E-06,y,raw_data/Formatted-qcmi_sample.csv
7th_dis,3.5111446744347725E-06,8.4774220716878995E-08,3.5141969460347782E-06,y,raw_data/Formatted-qcmi_sample.csv
9th_dis,2.9953598937924576E-06,1.6008721744824980E-07,2.9791181223792280E-06,y,raw_data/Formatted-qcmi_sample.csv
11th_dis,3.0687643546462013E-06,1.5989850139546929E-07,3.0712780200802632E-06,y,raw_data/Formatted-qcmi_sample.csv
13th_dis,0.0000000000000000E+00,0.0000000000000000E+00,0.0000000000000000E+00,y,raw_data/Formatted-qcmi_sample.csv
