overtone,Dfreq_mean,Dfreq_std_dev,Dfreq_median,range_used,data_source
fundamental_freq,-5.1800815494731069E+01,8.8486894188042661E-02,-5.1800861434079707E+01,y,raw_data/Formatted-qcmi_sample.csv
3rd_freq,-1.3265965073683648E+02,2.8910001065469931E-01,-1.3264090129174292E+02,y,raw_data/Formatted-qcmi_sample.csv
5th_freq,-2.0618675529335937E+02,4.5939617855352277E-01,-2.0623292137682438E+02,y,raw_data/Formatted-qcmi_sample.csv
7th_freq,-2.7937539688956861E+02,1.1078355024292426E+00,-2.7928618421405554E+02,y,raw_data/Formatted-qcmi_sample.csv
9th_freq,-3.5363741926239294E+02,2.4776998480958370E+00,-3.5328766062110662E+02,y,raw_data/Formatted-qcmi_sample.csv
11th_freq,-4.1824477314060988E+02,2.7867745407590725E+00,-4.1850285825878382E+02,y,raw_data/Formatted-qcmi_sample.csv
13th_freq,0.0000000000000000E+00,0.0000000000000000E+00,0.0000000000000000E+00,y,raw_data/Formatted-qcmi_sample.csv
