overtone,Dfreq_mean,Dfreq_std_dev,Dfreq_median,range_used,data_source
fundamental_freq,-1.7486069112602209E+01,4.2010608654741849E-02,-1.7505251977592707E+01,qsenseY,raw_data/Formatted-qsense_sample.csv
3rd_freq,8.9976628223266553E-01,8.7935593699976389E-02,9.0872150100767612E-01,qsenseY,raw_data/Formatted-qsense_sample.csv
5th_freq,1.4259589360780502E+00,9.6895001442008688E-02,1.4347831718623638E+00,qsenseY,raw_data/Formatted-qsense_sample.csv
7th_freq,2.0170040171613137E+00,9.3264786829823476E-02,2.0262154564261436E+00,qsenseY,raw_data/Formatted-qsense_sample.csv
9th_freq,1.1978348220388095E+00,6.3515105522287715E-02,1.2099144607782364E+00,qsenseY,raw_data/Formatted-qsense_sample.csv
11th_freq,2.0890135790699373E+00,1.0236555759006080E-01,2.1007866784930229E+00,qsenseY,raw_data/Formatted-qsense_sample.csv
13th_freq,2.1240874469359086E+00,1.1768523764693466E-01,2.1344757527112961E+00,qsenseY,raw_data/Formatted-qsense_sample.csv
