overtone,Ddis_mean,Ddis_std_dev,Ddis_median,range_used,data_source
fundamental_dis,7.2065839501651589E-06,4.8637105344495702E-08,7.2165841000739112E-06,y,raw_data/Formatted-qcmi_sample.csv
3rd_dis,4.6657282675028761E-06,3.8042956165792867E-08,4.6639836211087094E-06,y,raw_data/Formatted-qcmi_sample.csv
5th_dis,4.2439005794218519E-06,4.4337675682675417E-08,4.2461932945956477E-06,y,raw_data/Formatted-qcmi_sample.csv
7th_dis,3.5114013039638991E-06,8.3374220053463892E-08,3.5141969460347782E-06,y,raw_data/Formatted-qcmi_sample.csv
9th_dis,2.9935069447929444E-06,1.6182986959844242E-07,2.9788809040479321E-06,y,raw_data/Formatted-qcmi_sample.csv
11th_dis,3.0717988190260708E-06,1.5988754105539557E-07,3.0773001072021756E-06,y,raw_data/Formatted-qcmi_sample.csv
13th_dis,0.0000000000000000E+00,0.0000000000000000E+00,0.0000000000000000E+00,y,raw_data/Formatted-qcmi_sample.csv
