overtone,Ddis_mean,Ddis_std_dev,Ddis_median,range_used,data_source
fundamental_dis,-4.1239559076634219E-01,1.1124771433933753E-03,-4.1245814563295163E-01,qsenseY,raw_data/Formatted-qsense_sample.csv
3rd_dis,-1.9304982723287634E-01,1.8214096784629039E-03,-1.9308377817650735E-01,qsenseY,raw_data/Formatted-qsense_sample.csv
5th_dis,-2.0830110109305239E-01,8.5989544095745355E-04,-2.0831090291146179E-01,qsenseY,raw_data/Formatted-qsense_sample.csv
7th_dis,-2.1824813399590162E-01,8.5646121282581577E-04,-2.1833513277392597E-01,qsenseY,raw_data/Formatted-qsense_sample.csv
9th_dis,2.5859358839630819E-01,1.4944933743224158E-02,2.5923372725810429E-01,qsenseY,raw_data/Formatted-qsense_sample.csv
11th_dis,5.1590449687912099E-02,1.3925567954180302E-02,5.1985477654006712E-02,qsenseY,raw_data/Formatted-qsense_sample.csv
13th_dis,-6.5231205413068963E-03,9.3962004365195102E-03,-5.8993907608293327E-03,qsenseY,raw_data/Formatted-qsense_sample.csv
