overtone,Ddis_mean,Ddis_std_dev,Ddis_median,range_used,data_source
fundamental_dis,7.2073904980048949E-06,4.9825208690366558E-08,7.2116662990166346E-06,y,qcmi_sample
3rd_dis,4.6659446081150361E-06,3.9194536934683181E-08,4.6665210243666756E-06,y,qcmi_sample
5th_dis,4.2262884624012890E-06,4.8125879793613373E-08,4.2283194942999949E-06,y,qcmi_sample
7th_dis,3.4994196370862795E-06,8.2893800411915884E-08,3.4997150613999995E-06,y,qcmi_sample
9th_dis,3.0324676761116671E-06,1.5758172921348162E-07,3.0148318312082798E-06,y,qcmi_sample
11th_dis,3.0234275435235538E-06,1.4636381471749701E-07,3.0334698461662556E-06,y,qcmi_sample
13th_dis,0.0000000000000000E+00,0.0000000000000000E+00,0.0000000000000000E+00,y,qcmi_sample
