overtone,Ddis_mean,Ddis_std_dev,Ddis_median,range_used,data_source
fundamental_dis,7.2051560336505570E-06,4.7098296411330036E-08,7.2139531448666631E-06,y,qcmi_sample
3rd_dis,4.6647214239404004E-06,3.9338454986594824E-08,4.6642650971666794E-06,y,qcmi_sample
5th_dis,4.2329608085957438E-06,4.7283081365539864E-08,4.2369051149499811E-06,y,qcmi_sample
7th_dis,3.5075784845364454E-06,7.9726925210596997E-08,3.5063773780500096E-06,y,qcmi_sample
9th_dis,3.0249959143116578E-06,1.6416820459313828E-07,3.0035429902479710E-06,y,qcmi_sample
11th_dis,3.0228291601783555E-06,1.5791327262299228E-07,3.0304588026052994E-06,y,qcmi_sample
13th_dis,0.0000000000000000E+00,0.0000000000000000E+00,0.0000000000000000E+00,y,qcmi_sample
