overtone,Dfreq_mean,Dfreq_std_dev,Dfreq_median,range_used,data_source
fundamental_freq,-5.1798784236767268E+01,8.8395671836339354E-02,-5.1800861434079707E+01,y,raw_data/Formatted-qcmi_sample.csv
3rd_freq,-1.3266423247098126E+02,2.8732649589386600E-01,-1.3265488899126649E+02,y,raw_data/Formatted-qcmi_sample.csv
5th_freq,-2.0618451878493562E+02,4.9553661853116399E-01,-2.0623292137682438E+02,y,raw_data/Formatted-qcmi_sample.csv
7th_freq,-2.7935584639931477E+02,1.1024610251016971E+00,-2.7928061051666737E+02,y,raw_data/Formatted-qcmi_sample.csv
9th_freq,-3.5381849557834056E+02,2.6132122241901801E+00,-3.5378857292234898E+02,y,raw_data/Formatted-qcmi_sample.csv
11th_freq,-4.1826991020237068E+02,2.7692563337115357E+00,-4.1850285825878382E+02,y,raw_data/Formatted-qcmi_sample.csv
13th_freq,0.0000000000000000E+00,0.0000000000000000E+00,0.0000000000000000E+00,y,raw_data/Formatted-qcmi_sample.csv
