overtone,Dfreq_mean,Dfreq_std_dev,Dfreq_median,range_used,data_source
fundamental_freq,-5.1781725137541862E+01,9.3415236529626633E-02,-5.1790547329932451E+01,y,qcmi_sample
3rd_freq,-1.3266465195137377E+02,3.3821416287184508E-01,-1.3267340588290244E+02,y,qcmi_sample
5th_freq,-2.0602862429751431E+02,5.6128666047359799E-01,-2.0611736379750073E+02,y,qcmi_sample
7th_freq,-2.7869722062513483E+02,1.1071605006850964E+00,-2.7865729756653309E+02,y,qcmi_sample
9th_freq,-3.5339021907727852E+02,2.7165844268347707E+00,-3.5313915721327066E+02,y,qcmi_sample
11th_freq,-4.1785688967327195E+02,2.9245812884498705E+00,-4.1794786483049393E+02,y,qcmi_sample
13th_freq,0.0000000000000000E+00,0.0000000000000000E+00,0.0000000000000000E+00,y,qcmi_sample
