overtone,Ddis_average,Ddis_std_dev,Ddis_median,range_name,x_lower,x_upper,data_source
fundamental_dis,1.6677380952381849E-07,2.6292773702665161E-08,1.6666666666667975E-07,test,4284.297194600001,4420.5267996,raw_data/Formatted-QSM-I-BSA_1mgpml.csv
3rd_dis,5.8412698412699226E-07,4.1032590332415489E-08,6.0555555555556425E-07,test,4284.297194600001,4420.5267996,raw_data/Formatted-QSM-I-BSA_1mgpml.csv
5th_dis,8.0714285714286322E-07,2.5753937681886265E-08,8.0000000000000589E-07,test,4284.297194600001,4420.5267996,raw_data/Formatted-QSM-I-BSA_1mgpml.csv
7th_dis,1.1273809523809729E-06,4.8838551182772992E-08,1.1166666666666893E-06,test,4284.297194600001,4420.5267996,raw_data/Formatted-QSM-I-BSA_1mgpml.csv
9th_dis,1.3650793650793607E-06,6.2269984907725421E-08,1.3222222222222167E-06,test,4284.297194600001,4420.5267996,raw_data/Formatted-QSM-I-BSA_1mgpml.csv
11th_dis,1.6603174603174591E-06,5.5787497685047834E-08,1.6388888888888866E-06,test,4284.297194600001,4420.5267996,raw_data/Formatted-QSM-I-BSA_1mgpml.csv
13th_dis,1.7773809523809451E-06,8.1675690185923093E-08,1.7666666666666577E-06,test,4284.297194600001,4420.5267996,raw_data/Formatted-QSM-I-BSA_1mgpml.csv
