overtone,Ddis_mean,Ddis_std_dev,Ddis_median,range_name,x_lower,x_upper,data_source
fundamental_dis,0.0000000000000000E+00,0.0000000000000000E+00,0.0000000000000000E+00,test,0.0000000000000000E+00,0.0000000000000000E+00,raw_data/Formatted-QSM-I-BSA_1mgpml.csv
3rd_dis,1.0255441370223978E-06,1.6617116425854354E-08,1.0306956521739086E-06,test,3123.6682237,3285.1151007,raw_data/Formatted-QSM-I-BSA_1mgpml.csv
5th_dis,1.2056653491436027E-06,1.7141982574219752E-08,1.2086956521739059E-06,test,3123.6682237,3285.1151007,raw_data/Formatted-QSM-I-BSA_1mgpml.csv
7th_dis,1.4039525691699805E-06,5.1425947722659255E-08,1.4130434782608898E-06,test,3123.6682237,3285.1151007,raw_data/Formatted-QSM-I-BSA_1mgpml.csv
9th_dis,1.6026350461133069E-06,7.7613627120396144E-08,1.6086956521739156E-06,test,3123.6682237,3285.1151007,raw_data/Formatted-QSM-I-BSA_1mgpml.csv
11th_dis,1.8681159420289842E-06,5.3181602347829254E-08,1.8347826086956523E-06,test,3123.6682237,3285.1151007,raw_data/Formatted-QSM-I-BSA_1mgpml.csv
13th_dis,2.0820816864295052E-06,1.1483209285755471E-07,2.0608695652173822E-06,test,3123.6682237,3285.1151007,raw_data/Formatted-QSM-I-BSA_1mgpml.csv
