overtone,Dfreq_mean,Dfreq_std_dev,Dfreq_median,range_name,x_lower,x_upper,data_source
fundamental_freq,0.0000000000000000E+00,0.0000000000000000E+00,0.0000000000000000E+00,y,0.0000000000000000E+00,0.0000000000000000E+00,raw_data/Formatted-QSM-I-BSA_1mgpml.csv
3rd_freq,-5.4939269194577605E+01,1.5797152381156346E-01,-5.4985652172937989E+01,y,50.71549512833334,54.58357076166667,raw_data/Formatted-QSM-I-BSA_1mgpml.csv
5th_freq,-8.7596318223374951E+01,2.3354259914231912E-01,-8.7686956521123648E+01,y,50.71549512833334,54.58357076166667,raw_data/Formatted-QSM-I-BSA_1mgpml.csv
7th_freq,-1.2300194263870412E+02,6.7598754963380647E-01,-1.2301130434125662E+02,y,50.71549512833334,54.58357076166667,raw_data/Formatted-QSM-I-BSA_1mgpml.csv
9th_freq,-1.5764973172751513E+02,1.0982640319214974E+00,-1.5772739130258560E+02,y,50.71549512833334,54.58357076166667,raw_data/Formatted-QSM-I-BSA_1mgpml.csv
11th_freq,-1.9549727104731062E+02,7.8597495583873855E-01,-1.9535173913091421E+02,y,50.71549512833334,54.58357076166667,raw_data/Formatted-QSM-I-BSA_1mgpml.csv
13th_freq,-2.3554399631505316E+02,2.4740418761934935E+00,-2.3547782610356808E+02,y,50.71549512833334,54.58357076166667,raw_data/Formatted-QSM-I-BSA_1mgpml.csv
