overtone,Dfreq_average,Dfreq_std_dev,Dfreq_median,range_name,x_lower,x_upper,data_source
fundamental_freq,-1.7527959865267174E+01,4.3548177793888115E-02,-1.7530652172863483E+01,qcmitest,4299.4462697,4425.585533699999,raw_data/Formatted-QSM-I-BSA_1mgpml.csv
3rd_freq,-5.4037190634685643E+01,9.1973754846997033E-02,-5.4030652173794806E+01,qcmitest,4299.4462697,4425.585533699999,raw_data/Formatted-QSM-I-BSA_1mgpml.csv
5th_freq,-8.6750802675118820E+01,1.5799408239715471E-01,-8.6766956521198153E+01,qcmitest,4299.4462697,4425.585533699999,raw_data/Formatted-QSM-I-BSA_1mgpml.csv
7th_freq,-1.2240168895629736E+02,5.2212200769223571E-01,-1.2251630434021354E+02,qcmitest,4299.4462697,4425.585533699999,raw_data/Formatted-QSM-I-BSA_1mgpml.csv
9th_freq,-1.5748546822483723E+02,1.5473352265249103E+00,-1.5761239130049944E+02,qcmitest,4299.4462697,4425.585533699999,raw_data/Formatted-QSM-I-BSA_1mgpml.csv
11th_freq,-1.9625596990121099E+02,7.2757856014921385E-01,-1.9622673913091421E+02,qcmitest,4299.4462697,4425.585533699999,raw_data/Formatted-QSM-I-BSA_1mgpml.csv
13th_freq,-2.3338128764125017E+02,2.0368186770992756E+00,-2.3284782610461116E+02,qcmitest,4299.4462697,4425.585533699999,raw_data/Formatted-QSM-I-BSA_1mgpml.csv
