overtone,Ddis_mean,Ddis_std_dev,Ddis_median,range_name,x_lower,x_upper,data_source
fundamental_dis,0.0000000000000000E+00,0.0000000000000000E+00,0.0000000000000000E+00,y,0.0000000000000000E+00,0.0000000000000000E+00,raw_data/Formatted-QSM-I-BSA_1mgpml.csv
3rd_dis,1.0244190564292324E-06,1.6350811194216675E-08,1.0236956521739204E-06,y,50.71549512833334,54.58357076166667,raw_data/Formatted-QSM-I-BSA_1mgpml.csv
5th_dis,1.2023126734505015E-06,2.4444947432077314E-08,1.2086956521739059E-06,y,50.71549512833334,54.58357076166667,raw_data/Formatted-QSM-I-BSA_1mgpml.csv
7th_dis,1.3981498612396128E-06,5.0439445068638242E-08,1.4130434782608898E-06,y,50.71549512833334,54.58357076166667,raw_data/Formatted-QSM-I-BSA_1mgpml.csv
9th_dis,1.5852913968547640E-06,8.5583767494121245E-08,1.6086956521739156E-06,y,50.71549512833334,54.58357076166667,raw_data/Formatted-QSM-I-BSA_1mgpml.csv
11th_dis,1.8730804810360770E-06,4.8611317697001564E-08,1.8347826086956523E-06,y,50.71549512833334,54.58357076166667,raw_data/Formatted-QSM-I-BSA_1mgpml.csv
13th_dis,2.0693802035152564E-06,1.0882307959612313E-07,2.0608695652173822E-06,y,50.71549512833334,54.58357076166667,raw_data/Formatted-QSM-I-BSA_1mgpml.csv
