overtone,Dfreq_mean,Dfreq_std_dev,Dfreq_median,range_name,x_lower,x_upper,data_source
fundamental_freq,-2.8486971148829149E+01,1.6672815261542853E-01,-2.8535941192880273E+01,r,3717.144697951153,4059.964776341803,raw_data/Formatted-qsense_sample.csv
3rd_freq,4.2195635592371089E-01,1.1433925598282757E-01,4.3937849998474121E-01,r,3717.144697951153,4059.964776341803,raw_data/Formatted-qsense_sample.csv
5th_freq,1.4721797072914391E+00,1.3080660892961715E-01,1.4950193129479885E+00,r,3717.144697951153,4059.964776341803,raw_data/Formatted-qsense_sample.csv
7th_freq,2.5326152941153062E+00,1.3026086040068932E-01,2.5662598386406898E+00,r,3717.144697951153,4059.964776341803,raw_data/Formatted-qsense_sample.csv
9th_freq,8.5239742982846045E-01,8.4212724310591971E-02,8.7548483908176422E-01,r,3717.144697951153,4059.964776341803,raw_data/Formatted-qsense_sample.csv
11th_freq,2.3484286118753896E+00,1.3541600637044407E-01,2.3708853498101234E+00,r,3717.144697951153,4059.964776341803,raw_data/Formatted-qsense_sample.csv
13th_freq,2.5159481343775312E+00,1.3046187408171406E-01,2.5621254220604897E+00,r,3717.144697951153,4059.964776341803,raw_data/Formatted-qsense_sample.csv
