overtone,Ddis_mean,Ddis_std_dev,Ddis_median,range_name,x_lower,x_upper,data_source
fundamental_dis,-4.2844945567774911E-06,1.4732098915364040E-08,-4.2849529041857898E-06,r,3717.144697951153,4059.964776341803,raw_data/Formatted-qsense_sample.csv
3rd_dis,-2.0304314257719613E-06,8.8294092237214412E-09,-2.0305990097860489E-06,r,3717.144697951153,4059.964776341803,raw_data/Formatted-qsense_sample.csv
5th_dis,-2.0976741711721741E-06,6.4842920171611919E-09,-2.0975593880652678E-06,r,3717.144697951153,4059.964776341803,raw_data/Formatted-qsense_sample.csv
7th_dis,-2.2852861249446408E-06,1.7335963057653915E-08,-2.2800292433789266E-06,r,3717.144697951153,4059.964776341803,raw_data/Formatted-qsense_sample.csv
9th_dis,3.1890427910351169E-06,5.1202761740818786E-08,3.1905258765693006E-06,r,3717.144697951153,4059.964776341803,raw_data/Formatted-qsense_sample.csv
11th_dis,1.2931350488247046E-06,1.3354402591980492E-07,1.2876807511740082E-06,r,3717.144697951153,4059.964776341803,raw_data/Formatted-qsense_sample.csv
13th_dis,8.6296644076661930E-07,8.4559936964732030E-08,8.5802067228863463E-07,r,3717.144697951153,4059.964776341803,raw_data/Formatted-qsense_sample.csv
