overtone,Dfreq_average,Dfreq_std_dev,Dfreq_median,range_name,x_lower,x_upper,data_source
fundamental_freq,-1.7532981365878619E+01,4.2341710144146595E-02,-1.7534285713918507E+01,test,4314.5921627,4425.585533699999,raw_data/Formatted-QSM-I-BSA_1mgpml.csv
3rd_freq,-5.4050910971815817E+01,9.0191981653309744E-02,-5.4040476189926267E+01,test,4314.5921627,4425.585533699999,raw_data/Formatted-QSM-I-BSA_1mgpml.csv
5th_freq,-8.6821532093312427E+01,1.5639245849526748E-01,-8.6867619048804045E+01,test,4314.5921627,4425.585533699999,raw_data/Formatted-QSM-I-BSA_1mgpml.csv
7th_freq,-1.2244776397101258E+02,5.1584973158687208E-01,-1.2256428571045399E+02,test,4314.5921627,4425.585533699999,raw_data/Formatted-QSM-I-BSA_1mgpml.csv
9th_freq,-1.5748014492411977E+02,1.5066305887022726E+00,-1.5759666666388512E+02,test,4314.5921627,4425.585533699999,raw_data/Formatted-QSM-I-BSA_1mgpml.csv
11th_freq,-1.9618877847039181E+02,7.4869716631012440E-01,-1.9619095238298178E+02,test,4314.5921627,4425.585533699999,raw_data/Formatted-QSM-I-BSA_1mgpml.csv
13th_freq,-2.3349981368009162E+02,1.9816493667516457E+00,-2.3294285716116428E+02,test,4314.5921627,4425.585533699999,raw_data/Formatted-QSM-I-BSA_1mgpml.csv
