overtone,Dfreq_average,Dfreq_std_dev,Dfreq_median,range_name,x_lower,x_upper,data_source
fundamental_freq,-1.7529812119963267E+01,4.2033068996949849E-02,-1.7532045452855527E+01,test,4274.1992016,4420.5267996,raw_data/Formatted-QSM-I-BSA_1mgpml.csv
3rd_freq,-5.4025696970646578E+01,9.6287186151259724E-02,-5.4016363637521863E+01,test,4274.1992016,4420.5267996,raw_data/Formatted-QSM-I-BSA_1mgpml.csv
5th_freq,-8.6742181818683946E+01,1.5326121463925260E-01,-8.6728181818500161E+01,test,4274.1992016,4420.5267996,raw_data/Formatted-QSM-I-BSA_1mgpml.csv
7th_freq,-1.2237660605559746E+02,5.4727161670789315E-01,-1.2250227272138000E+02,test,4274.1992016,4420.5267996,raw_data/Formatted-QSM-I-BSA_1mgpml.csv
9th_freq,-1.5728548483923078E+02,1.6260104214880686E+00,-1.5738681817054749E+02,test,4274.1992016,4420.5267996,raw_data/Formatted-QSM-I-BSA_1mgpml.csv
11th_freq,-1.9626948486293355E+02,7.0542508781123425E-01,-1.9620681819692254E+02,test,4274.1992016,4420.5267996,raw_data/Formatted-QSM-I-BSA_1mgpml.csv
13th_freq,-2.3328560607110461E+02,2.1384980447289781E+00,-2.3270227273926139E+02,test,4274.1992016,4420.5267996,raw_data/Formatted-QSM-I-BSA_1mgpml.csv
