overtone,Dfreq_average,Dfreq_std_dev,Dfreq_median,range_name,x_lower,x_upper,data_source
fundamental_freq,-1.8558736506796308E+01,3.0632728871967878E-02,-1.8561222220771015E+01,test,3118.6094896,3290.1588516,raw_data/Formatted-QSM-I-BSA_1mgpml.csv
3rd_freq,-5.5048904761938111E+01,7.0262481726428225E-02,-5.5048333333805203E+01,test,3118.6094896,3290.1588516,raw_data/Formatted-QSM-I-BSA_1mgpml.csv
5th_freq,-8.7791507936481921E+01,1.1794152821521393E-01,-8.7817222222685814E+01,test,3118.6094896,3290.1588516,raw_data/Formatted-QSM-I-BSA_1mgpml.csv
7th_freq,-1.2329714285859041E+02,5.9670797576622692E-01,-1.2323000000417233E+02,test,3118.6094896,3290.1588516,raw_data/Formatted-QSM-I-BSA_1mgpml.csv
9th_freq,-1.5745353967909301E+02,9.0803506159032477E-01,-1.5765611110627651E+02,test,3118.6094896,3290.1588516,raw_data/Formatted-QSM-I-BSA_1mgpml.csv
11th_freq,-1.9577803175385509E+02,6.7201773512313678E-01,-1.9581888889521360E+02,test,3118.6094896,3290.1588516,raw_data/Formatted-QSM-I-BSA_1mgpml.csv
13th_freq,-2.3639858730775970E+02,2.3282456564977561E+00,-2.3615944445133209E+02,test,3118.6094896,3290.1588516,raw_data/Formatted-QSM-I-BSA_1mgpml.csv
