overtone,Ddis_average,Ddis_std_dev,Ddis_median,range_name,x_lower,x_upper,data_source
fundamental_dis,9.3882872200262625E-07,2.5899502035623023E-08,9.3743478260868707E-07,test,3103.4759207,3264.9059747,raw_data/Formatted-QSM-I-BSA_1mgpml.csv
3rd_dis,1.0239986824769430E-06,1.6643289390213089E-08,1.0186956521739094E-06,test,3103.4759207,3264.9059747,raw_data/Formatted-QSM-I-BSA_1mgpml.csv
5th_dis,1.2086956521739059E-06,0.0000000000000000E+00,1.2086956521739059E-06,test,3103.4759207,3264.9059747,raw_data/Formatted-QSM-I-BSA_1mgpml.csv
7th_dis,1.4039525691699805E-06,5.1425947722659255E-08,1.4130434782608898E-06,test,3103.4759207,3264.9059747,raw_data/Formatted-QSM-I-BSA_1mgpml.csv
9th_dis,1.5996047430830038E-06,7.9252708064373896E-08,1.6086956521739156E-06,test,3103.4759207,3264.9059747,raw_data/Formatted-QSM-I-BSA_1mgpml.csv
11th_dis,1.8741765480895899E-06,4.8862168171504238E-08,1.8347826086956523E-06,test,3103.4759207,3264.9059747,raw_data/Formatted-QSM-I-BSA_1mgpml.csv
13th_dis,2.0790513833992020E-06,1.1922615498730982E-07,2.0608695652173822E-06,test,3103.4759207,3264.9059747,raw_data/Formatted-QSM-I-BSA_1mgpml.csv
