overtone,Dfreq_average,Dfreq_std_dev,Dfreq_median,range_name,x_lower,x_upper,data_source
fundamental_freq,-1.8551273794517524E+01,3.1469720571614852E-02,-1.8551652172580361E+01,test,3123.6682237,3305.3117467,raw_data/Formatted-QSM-I-BSA_1mgpml.csv
3rd_freq,-5.5033490011317504E+01,7.5018381096677106E-02,-5.5035652173683047E+01,test,3123.6682237,3305.3117467,raw_data/Formatted-QSM-I-BSA_1mgpml.csv
5th_freq,-8.7741010574976329E+01,1.2467166518876314E-01,-8.7756956521421671E+01,test,3123.6682237,3305.3117467,raw_data/Formatted-QSM-I-BSA_1mgpml.csv
7th_freq,-1.2321670974670229E+02,5.9113996439637317E-01,-1.2314130434393883E+02,test,3123.6682237,3305.3117467,raw_data/Formatted-QSM-I-BSA_1mgpml.csv
9th_freq,-1.5775468859922242E+02,8.9693667425616630E-01,-1.5783739130198956E+02,test,3123.6682237,3305.3117467,raw_data/Formatted-QSM-I-BSA_1mgpml.csv
11th_freq,-1.9581984724043994E+02,6.5957331724644552E-01,-1.9585173913091421E+02,test,3123.6682237,3305.3117467,raw_data/Formatted-QSM-I-BSA_1mgpml.csv
13th_freq,-2.3586485312919359E+02,2.3727858694576716E+00,-2.3547782610356808E+02,test,3123.6682237,3305.3117467,raw_data/Formatted-QSM-I-BSA_1mgpml.csv
