overtone,Ddis_average,Ddis_std_dev,Ddis_median,range_name,x_lower,x_upper,data_source
fundamental_dis,9.4029964747355157E-07,2.5191335020535690E-08,9.3543478260868279E-07,test,3123.6682237,3305.3117467,raw_data/Formatted-QSM-I-BSA_1mgpml.csv
3rd_dis,1.0260740305522916E-06,1.7300759788583204E-08,1.0306956521739086E-06,test,3123.6682237,3305.3117467,raw_data/Formatted-QSM-I-BSA_1mgpml.csv
5th_dis,1.2059929494712031E-06,1.6216216216216612E-08,1.2086956521739059E-06,test,3123.6682237,3305.3117467,raw_data/Formatted-QSM-I-BSA_1mgpml.csv
7th_dis,1.3995299647473759E-06,5.2823838609979830E-08,1.4130434782608898E-06,test,3123.6682237,3305.3117467,raw_data/Formatted-QSM-I-BSA_1mgpml.csv
9th_dis,1.5897767332549940E-06,8.3302891932011637E-08,1.6086956521739156E-06,test,3123.6682237,3305.3117467,raw_data/Formatted-QSM-I-BSA_1mgpml.csv
11th_dis,1.8699177438307862E-06,5.3099682984831943E-08,1.8347826086956523E-06,test,3123.6682237,3305.3117467,raw_data/Formatted-QSM-I-BSA_1mgpml.csv
13th_dis,2.0797884841363034E-06,1.1587000600122235E-07,2.0608695652173822E-06,test,3123.6682237,3305.3117467,raw_data/Formatted-QSM-I-BSA_1mgpml.csv
