overtone,Ddis_mean,Ddis_std_dev,Ddis_median,range_name,x_lower,x_upper,data_source
fundamental_dis,0.0000000000000000E+00,0.0000000000000000E+00,0.0000000000000000E+00,y,0.0000000000000000E+00,0.0000000000000000E+00,raw_data/Formatted-QSense-BSA-exp.csv
3rd_dis,5.8163252215052881E-08,2.3117494407024549E-07,5.1597573587907618E-08,y,1172.9398299999998,1426.80672,raw_data/Formatted-QSense-BSA-exp.csv
5th_dis,-1.0373312034064456E-07,2.9512173489588589E-07,-1.0959131066825775E-07,y,1172.9398299999998,1426.80672,raw_data/Formatted-QSense-BSA-exp.csv
7th_dis,2.7413052584156019E-08,3.1639661150095460E-07,1.5111336515513261E-08,y,1172.9398299999998,1426.80672,raw_data/Formatted-QSense-BSA-exp.csv
9th_dis,6.1532151309918549E-09,3.7956160472589626E-07,1.4172871917263161E-08,y,1172.9398299999998,1426.80672,raw_data/Formatted-QSense-BSA-exp.csv
11th_dis,4.8076993919852206E-08,2.7758411907925135E-07,5.0534248210023640E-08,y,1172.9398299999998,1426.80672,raw_data/Formatted-QSense-BSA-exp.csv
13th_dis,2.0290062836149423E-08,4.7166098369813471E-07,2.5233126617740684E-08,y,1172.9398299999998,1426.80672,raw_data/Formatted-QSense-BSA-exp.csv
