overtone,Ddis_average,Ddis_std_dev,Ddis_median,range_name,x_lower,x_upper,data_source
fundamental_dis,9.9862614863638522E-07,3.7766681410568732E-07,7.4773582617603017E-07,test,8590.620268718338,8902.795857447198,raw_data/Formatted-BSA.1mgml-1.280723-unprotected.csv
3rd_dis,1.1803048795583503E-06,2.4512085186292210E-08,1.1803489526053762E-06,test,8590.620268718338,8902.795857447198,raw_data/Formatted-BSA.1mgml-1.280723-unprotected.csv
5th_dis,1.1596961952058594E-06,3.2019778401635714E-08,1.1583339820223678E-06,test,8590.620268718338,8902.795857447198,raw_data/Formatted-BSA.1mgml-1.280723-unprotected.csv
7th_dis,1.1353438972760911E-06,2.7666940376774992E-08,1.1359719367579188E-06,test,8590.620268718338,8902.795857447198,raw_data/Formatted-BSA.1mgml-1.280723-unprotected.csv
9th_dis,1.1251451277320018E-06,4.0525846850981417E-08,1.1233353636795715E-06,test,8590.620268718338,8902.795857447198,raw_data/Formatted-BSA.1mgml-1.280723-unprotected.csv
11th_dis,1.1624276566876663E-06,2.9084391523405914E-08,1.1619253084061749E-06,test,8590.620268718338,8902.795857447198,raw_data/Formatted-BSA.1mgml-1.280723-unprotected.csv
13th_dis,1.1281610341516976E-06,5.4502133500249969E-08,1.1297103006736343E-06,test,8590.620268718338,8902.795857447198,raw_data/Formatted-BSA.1mgml-1.280723-unprotected.csv
