overtone,Dfreq_average,Dfreq_std_dev,Dfreq_median,range_name,x_lower,x_upper,data_source
fundamental_freq,-1.0907685613418099E+02,8.4536987744053893E-01,-1.0909778366517276E+02,testnew,5411.830194457434,5608.550326013938,raw_data/Formatted-05122025_Central portion of Bap 1 peptide at 1.5 uM in M9 buffer on bare gold in 25C_n=1_STA.csv
3rd_freq,-1.6628157405475133E+02,1.4682353652684672E+00,-1.6635976982116699E+02,testnew,5411.830194457434,5608.550326013938,raw_data/Formatted-05122025_Central portion of Bap 1 peptide at 1.5 uM in M9 buffer on bare gold in 25C_n=1_STA.csv
5th_freq,-2.2548942912985240E+02,1.8930113921562246E+00,-2.2558987205103040E+02,testnew,5411.830194457434,5608.550326013938,raw_data/Formatted-05122025_Central portion of Bap 1 peptide at 1.5 uM in M9 buffer on bare gold in 25C_n=1_STA.csv
7th_freq,-2.8469290393687066E+02,2.8491312224486367E+00,-2.8485963546484709E+02,testnew,5411.830194457434,5608.550326013938,raw_data/Formatted-05122025_Central portion of Bap 1 peptide at 1.5 uM in M9 buffer on bare gold in 25C_n=1_STA.csv
9th_freq,-3.3685548255288154E+02,3.0588163481816770E+00,-3.3690320184826851E+02,testnew,5411.830194457434,5608.550326013938,raw_data/Formatted-05122025_Central portion of Bap 1 peptide at 1.5 uM in M9 buffer on bare gold in 25C_n=1_STA.csv
11th_freq,-3.6889331236497691E+02,3.6666243632220015E+00,-3.6886638538539410E+02,testnew,5411.830194457434,5608.550326013938,raw_data/Formatted-05122025_Central portion of Bap 1 peptide at 1.5 uM in M9 buffer on bare gold in 25C_n=1_STA.csv
13th_freq,-3.9697424111771647E+02,3.7977573054531995E+00,-3.9698863710463047E+02,testnew,5411.830194457434,5608.550326013938,raw_data/Formatted-05122025_Central portion of Bap 1 peptide at 1.5 uM in M9 buffer on bare gold in 25C_n=1_STA.csv
