overtone,Dfreq_average,Dfreq_std_dev,Dfreq_median,range_name,x_lower,x_upper,data_source
fundamental_freq,-3.0290301491369124E+01,6.0159952818770568E-01,-3.0488189117051661E+01,test,8590.620268718338,8902.795857447198,raw_data/Formatted-BSA.1mgml-1.280723-unprotected.csv
3rd_freq,-7.1825595108562609E+01,1.8174776563318801E-01,-7.1819185856729746E+01,test,8590.620268718338,8902.795857447198,raw_data/Formatted-BSA.1mgml-1.280723-unprotected.csv
5th_freq,-1.1593205590136208E+02,4.3630294732153840E-01,-1.1594456307590008E+02,test,8590.620268718338,8902.795857447198,raw_data/Formatted-BSA.1mgml-1.280723-unprotected.csv
7th_freq,-1.5830906771184945E+02,5.3651165877745677E-01,-1.5832127243280411E+02,test,8590.620268718338,8902.795857447198,raw_data/Formatted-BSA.1mgml-1.280723-unprotected.csv
9th_freq,-1.9963020404962185E+02,8.1638582243529367E-01,-1.9961269208788872E+02,test,8590.620268718338,8902.795857447198,raw_data/Formatted-BSA.1mgml-1.280723-unprotected.csv
11th_freq,-2.4020979106621260E+02,8.1038093857004956E-01,-2.4021217900514603E+02,test,8590.620268718338,8902.795857447198,raw_data/Formatted-BSA.1mgml-1.280723-unprotected.csv
13th_freq,-2.7831487992599017E+02,1.7079951110342191E+00,-2.7826954502612352E+02,test,8590.620268718338,8902.795857447198,raw_data/Formatted-BSA.1mgml-1.280723-unprotected.csv
