overtone,Dfreq_mean,Dfreq_std_dev,Dfreq_median,range_name,x_lower,x_upper,data_source
fundamental_freq,0.0000000000000000E+00,0.0000000000000000E+00,0.0000000000000000E+00,y,0.0000000000000000E+00,0.0000000000000000E+00,raw_data/Formatted-QSense-BSA-exp.csv
3rd_freq,-5.4177173333234047E-02,7.3170395021680240E-02,-4.6607048528241934E-02,y,1172.9398299999998,1426.80672,raw_data/Formatted-QSense-BSA-exp.csv
5th_freq,-5.9623320072182420E-02,1.0639782538242142E-01,-4.4644053301511555E-02,y,1172.9398299999998,1426.80672,raw_data/Formatted-QSense-BSA-exp.csv
7th_freq,-5.0993616210996802E-02,9.8508838614961264E-02,-4.1930839299920253E-02,y,1172.9398299999998,1426.80672,raw_data/Formatted-QSense-BSA-exp.csv
9th_freq,-6.7181265865908987E-02,1.0539100170940227E-01,-6.2314713603818461E-02,y,1172.9398299999998,1426.80672,raw_data/Formatted-QSense-BSA-exp.csv
11th_freq,-6.0879550057897247E-02,9.2768279150934663E-02,-5.2972326968973693E-02,y,1172.9398299999998,1426.80672,raw_data/Formatted-QSense-BSA-exp.csv
13th_freq,-5.7406061810491578E-02,1.4859371663198698E-01,-4.7041849642004863E-02,y,1172.9398299999998,1426.80672,raw_data/Formatted-QSense-BSA-exp.csv
