overtone,Ddis_average,Ddis_std_dev,Ddis_median,range_name,x_lower,x_upper,data_source
fundamental_dis,1.6394242424246853E-07,2.5743262333191724E-08,1.6340909090914305E-07,test,4274.1992016,4420.5267996,raw_data/Formatted-QSM-I-BSA_1mgpml.csv
3rd_dis,5.8909090909093084E-07,4.0000000000000927E-08,6.0909090909093129E-07,test,4274.1992016,4420.5267996,raw_data/Formatted-QSM-I-BSA_1mgpml.csv
5th_dis,8.1575757575757582E-07,2.4944382578493547E-08,8.0909090909090904E-07,test,4274.1992016,4420.5267996,raw_data/Formatted-QSM-I-BSA_1mgpml.csv
7th_dis,1.1236363636363998E-06,4.7258156262522929E-08,1.1136363636364018E-06,test,4274.1992016,4420.5267996,raw_data/Formatted-QSM-I-BSA_1mgpml.csv
9th_dis,1.3524242424242420E-06,6.1553951042066122E-08,1.3090909090909076E-06,test,4274.1992016,4420.5267996,raw_data/Formatted-QSM-I-BSA_1mgpml.csv
11th_dis,1.6563636363636320E-06,5.4160256030906716E-08,1.6363636363636312E-06,test,4274.1992016,4420.5267996,raw_data/Formatted-QSM-I-BSA_1mgpml.csv
13th_dis,1.7736363636363582E-06,7.8951461882179807E-08,1.7636363636363566E-06,test,4274.1992016,4420.5267996,raw_data/Formatted-QSM-I-BSA_1mgpml.csv
