overtone,Dfreq_average,Dfreq_std_dev,Dfreq_median,range_name,x_lower,x_upper,data_source
fundamental_freq,-1.7535829364022771E+01,4.2426692493216664E-02,-1.7538222220726311E+01,test,4284.297194600001,4420.5267996,raw_data/Formatted-QSM-I-BSA_1mgpml.csv
3rd_freq,-5.4050833329425323E+01,9.4514738147328844E-02,-5.4043333330191672E+01,test,4284.297194600001,4420.5267996,raw_data/Formatted-QSM-I-BSA_1mgpml.csv
5th_freq,-8.6812222219637732E+01,1.5564382373656771E-01,-8.6827222220599651E+01,test,4284.297194600001,4420.5267996,raw_data/Formatted-QSM-I-BSA_1mgpml.csv
7th_freq,-1.2249214286240749E+02,5.2851109719445943E-01,-1.2260500000417233E+02,test,4284.297194600001,4420.5267996,raw_data/Formatted-QSM-I-BSA_1mgpml.csv
9th_freq,-1.5699575396151548E+02,1.6771584872051581E+00,-1.5720111110201105E+02,test,4284.297194600001,4420.5267996,raw_data/Formatted-QSM-I-BSA_1mgpml.csv
11th_freq,-1.9623353173909709E+02,7.0480231331889354E-01,-1.9619388888170943E+02,test,4284.297194600001,4420.5267996,raw_data/Formatted-QSM-I-BSA_1mgpml.csv
13th_freq,-2.3371015873498149E+02,2.1038365097160225E+00,-2.3323944445466623E+02,test,4284.297194600001,4420.5267996,raw_data/Formatted-QSM-I-BSA_1mgpml.csv
