overtone,Ddis_average,Ddis_std_dev,Ddis_median,range_name,x_lower,x_upper,data_source
fundamental_dis,9.4145238095238665E-07,2.5530454003652876E-08,9.3716666666666839E-07,test,3118.6094896,3290.1588516,raw_data/Formatted-QSM-I-BSA_1mgpml.csv
3rd_dis,1.0229555555555588E-06,1.7657374016055778E-08,1.0275555555555545E-06,test,3118.6094896,3290.1588516,raw_data/Formatted-QSM-I-BSA_1mgpml.csv
5th_dis,1.1971428571428590E-06,1.6659862556701225E-08,1.2000000000000019E-06,test,3118.6094896,3290.1588516,raw_data/Formatted-QSM-I-BSA_1mgpml.csv
7th_dis,1.4052380952381113E-06,5.2216191092850025E-08,1.4166666666666830E-06,test,3118.6094896,3290.1588516,raw_data/Formatted-QSM-I-BSA_1mgpml.csv
9th_dis,1.6107936507936499E-06,7.8454458387118041E-08,1.6222222222222240E-06,test,3118.6094896,3290.1588516,raw_data/Formatted-QSM-I-BSA_1mgpml.csv
11th_dis,1.8731746031746042E-06,5.3145929250678963E-08,1.8388888888888914E-06,test,3118.6094896,3290.1588516,raw_data/Formatted-QSM-I-BSA_1mgpml.csv
13th_dis,2.0895238095238030E-06,1.1234059000764341E-07,2.0666666666666582E-06,test,3118.6094896,3290.1588516,raw_data/Formatted-QSM-I-BSA_1mgpml.csv
