overtone,Dfreq_average,Dfreq_std_dev,Dfreq_median,range_name,x_lower,x_upper,data_source
fundamental_freq,-1.8549985506261390E+01,3.1326885143160031E-02,-1.8551652172580361E+01,test,3103.4759207,3264.9059747,raw_data/Formatted-QSM-I-BSA_1mgpml.csv
3rd_freq,-5.5017773385582998E+01,7.9649138853883361E-02,-5.5025652173906565E+01,test,3103.4759207,3264.9059747,raw_data/Formatted-QSM-I-BSA_1mgpml.csv
5th_freq,-8.7708168642313197E+01,1.3224764568931069E-01,-8.7756956521421671E+01,test,3103.4759207,3264.9059747,raw_data/Formatted-QSM-I-BSA_1mgpml.csv
7th_freq,-1.2312100131064653E+02,6.1730835518242921E-01,-1.2309130433946848E+02,test,3103.4759207,3264.9059747,raw_data/Formatted-QSM-I-BSA_1mgpml.csv
9th_freq,-1.5779284584725445E+02,9.9403704221845790E-01,-1.5783739130198956E+02,test,3103.4759207,3264.9059747,raw_data/Formatted-QSM-I-BSA_1mgpml.csv
11th_freq,-1.9570689064761004E+02,7.0027319827879364E-01,-1.9548173913359642E+02,test,3103.4759207,3264.9059747,raw_data/Formatted-QSM-I-BSA_1mgpml.csv
13th_freq,-2.3575600791993466E+02,2.1829261077998741E+00,-2.3547782610356808E+02,test,3103.4759207,3264.9059747,raw_data/Formatted-QSM-I-BSA_1mgpml.csv
