overtone,Ddis_average,Ddis_std_dev,Ddis_median,range_name,x_lower,x_upper,data_source
fundamental_dis,1.6708862876253553E-07,2.6135655438635895E-08,1.6693478260868487E-07,qcmitest,4299.4462697,4425.585533699999,raw_data/Formatted-QSM-I-BSA_1mgpml.csv
3rd_dis,5.8561872909699482E-07,4.2132504423475344E-08,6.0869565217391841E-07,qcmitest,4299.4462697,4425.585533699999,raw_data/Formatted-QSM-I-BSA_1mgpml.csv
5th_dis,8.1638795986621758E-07,2.6646935501060298E-08,8.0869565217390972E-07,qcmitest,4299.4462697,4425.585533699999,raw_data/Formatted-QSM-I-BSA_1mgpml.csv
7th_dis,1.1245819397993558E-06,4.2307692307688972E-08,1.1130434782608960E-06,qcmitest,4299.4462697,4425.585533699999,raw_data/Formatted-QSM-I-BSA_1mgpml.csv
9th_dis,1.3548494983277555E-06,5.7047680669968028E-08,1.3086956521739083E-06,qcmitest,4299.4462697,4425.585533699999,raw_data/Formatted-QSM-I-BSA_1mgpml.csv
11th_dis,1.6540133779264176E-06,5.5603201133850078E-08,1.6347826086956474E-06,qcmitest,4299.4462697,4425.585533699999,raw_data/Formatted-QSM-I-BSA_1mgpml.csv
13th_dis,1.7762541806019987E-06,8.1770352405650977E-08,1.7608695652173817E-06,qcmitest,4299.4462697,4425.585533699999,raw_data/Formatted-QSM-I-BSA_1mgpml.csv
