overtone,Ddis_average,Ddis_std_dev,Ddis_median,range_name,x_lower,x_upper,data_source
fundamental_dis,1.7187577639750081E-07,2.4610769616092710E-08,1.6957142857140350E-07,test,4314.5921627,4425.585533699999,raw_data/Formatted-QSM-I-BSA_1mgpml.csv
3rd_dis,5.8778467908902890E-07,4.1247099915240779E-08,6.0952380952381218E-07,test,4314.5921627,4425.585533699999,raw_data/Formatted-QSM-I-BSA_1mgpml.csv
5th_dis,8.0869565217391914E-07,2.8177133471339210E-08,8.0000000000000589E-07,test,4314.5921627,4425.585533699999,raw_data/Formatted-QSM-I-BSA_1mgpml.csv
7th_dis,1.1273291925466109E-06,4.4763609308635646E-08,1.1142857142857433E-06,test,4314.5921627,4425.585533699999,raw_data/Formatted-QSM-I-BSA_1mgpml.csv
9th_dis,1.3712215320910925E-06,5.8007235061420255E-08,1.3190476190476130E-06,test,4314.5921627,4425.585533699999,raw_data/Formatted-QSM-I-BSA_1mgpml.csv
11th_dis,1.6550724637681138E-06,5.8655380709704740E-08,1.6333333333333301E-06,test,4314.5921627,4425.585533699999,raw_data/Formatted-QSM-I-BSA_1mgpml.csv
13th_dis,1.7797101449275286E-06,7.9696968607927556E-08,1.7666666666666577E-06,test,4314.5921627,4425.585533699999,raw_data/Formatted-QSM-I-BSA_1mgpml.csv
