overtone,Dfreq_mean,Dfreq_std_dev,Dfreq_median,range_name,x_lower,x_upper,data_source
fundamental_freq,0.0000000000000000E+00,0.0000000000000000E+00,0.0000000000000000E+00,test,0.0000000000000000E+00,0.0000000000000000E+00,raw_data/Formatted-QSM-I-BSA_1mgpml.csv
3rd_freq,-5.5023833991621025E+01,7.0601508581721151E-02,-5.5025652173906565E+01,test,3123.6682237,3285.1151007,raw_data/Formatted-QSM-I-BSA_1mgpml.csv
5th_freq,-8.7726047430074573E+01,1.1825405718745219E-01,-8.7756956521421671E+01,test,3123.6682237,3285.1151007,raw_data/Formatted-QSM-I-BSA_1mgpml.csv
7th_freq,-1.2322948615952875E+02,6.0619256148394896E-01,-1.2323130434006453E+02,test,3123.6682237,3285.1151007,raw_data/Formatted-QSM-I-BSA_1mgpml.csv
9th_freq,-1.5776133069576639E+02,9.0696610241093811E-01,-1.5798739130049944E+02,test,3123.6682237,3285.1151007,raw_data/Formatted-QSM-I-BSA_1mgpml.csv
11th_freq,-1.9581689064769131E+02,6.9076646552933141E-01,-1.9587173913419247E+02,test,3123.6682237,3285.1151007,raw_data/Formatted-QSM-I-BSA_1mgpml.csv
13th_freq,-2.3599994731400952E+02,2.3555772085154327E+00,-2.3576782610267401E+02,test,3123.6682237,3285.1151007,raw_data/Formatted-QSM-I-BSA_1mgpml.csv
