overtone,offset_vals,offset_vals_FIT,crystal_thickness(mm)
1,4.95766989E+06,4.93561962E+06,3.37104524E-01
3,1.48544510E+07,1.48457879E+07,3.37104524E-01
5,2.47534705E+07,2.47481630E+07,3.37104524E-01
7,3.46511850E+07,3.46494272E+07,3.37104524E-01
9,4.45498465E+07,4.45503211E+07,3.37104524E-01
11,5.44483390E+07,5.44510468E+07,3.37104524E-01
13,6.43476242E+07,6.43516819E+07,3.37104524E-01
