overtone,offset_vals,offset_vals_FIT,crystal_thickness(mm)
1,4.95665337E+06,4.93438554E+06,3.37188832E-01
3,1.48509007E+07,1.48420759E+07,3.37188832E-01
5,2.47469156E+07,2.47419751E+07,3.37188832E-01
7,3.46414985E+07,3.46407636E+07,3.37188832E-01
9,4.45369439E+07,4.45391820E+07,3.37188832E-01
11,5.44321257E+07,5.44374321E+07,3.37188832E-01
