overtone,offset_vals,offset_vals_FIT,crystal_thickness(mm)
3,1.48660436E+07,1.48578016E+07,3.36831949E-01
5,2.47734928E+07,2.47681900E+07,3.36831949E-01
7,3.46795947E+07,3.46774665E+07,3.36831949E-01
9,4.45864320E+07,4.45863726E+07,3.36831949E-01
11,5.44930876E+07,5.44951102E+07,3.36831949E-01
13,6.44003409E+07,6.44037572E+07,3.36831949E-01
