overtone,offset_vals,offset_vals_FIT,crystal_thickness(mm)
1,5.00000000E+06,4.44864645E+06,3.74005829E-01
3,1.50000000E+07,1.33810274E+07,3.74005829E-01
5,2.50000000E+07,2.23063842E+07,3.74005829E-01
7,3.50000000E+03,3.12307396E+07,3.74005829E-01
9,4.50000000E+07,4.01547613E+07,3.74005829E-01
11,5.50000000E+07,4.90786313E+07,3.74005829E-01
13,6.50000000E+07,5.80024197E+07,3.74005829E-01
