overtone,offset_vals,offset_vals_FIT,crystal_thickness(mm)
5,2.47734928E+07,2.47686812E+07,3.36825268E-01
7,3.46795948E+07,3.46781543E+07,3.36825268E-01
11,5.44930875E+07,5.44961911E+07,3.36825268E-01
