overtone,offset_vals,offset_vals_FIT,crystal_thickness(mm)
1,4.96088320E+06,4.93966015E+06,3.36828779E-01
3,1.48660436E+07,1.48579414E+07,3.36828779E-01
5,2.47734928E+07,2.47684230E+07,3.36828779E-01
7,3.46795947E+07,3.46777928E+07,3.36828779E-01
9,4.45864320E+07,4.45867921E+07,3.36828779E-01
11,5.44930875E+07,5.44956230E+07,3.36828779E-01
13,6.44003411E+07,6.44043632E+07,3.36828779E-01
