overtone,offset_vals,offset_vals_FIT,crystal_thickness(mm)
1,4.96088290E+06,4.93966016E+06,3.36828779E-01
3,1.48660434E+07,1.48579414E+07,3.36828779E-01
5,2.47734928E+07,2.47684231E+07,3.36828779E-01
7,3.46795949E+07,3.46777929E+07,3.36828779E-01
9,4.45864320E+07,4.45867922E+07,3.36828779E-01
11,5.44930880E+07,5.44956231E+07,3.36828779E-01
13,6.44003411E+07,6.44043634E+07,3.36828779E-01
