overtone,offset_vals,offset_vals_FIT,crystal_thickness(mm)
1,4.93000000E+06,4.92953876E+06,3.37520360E-01
3,1.48000000E+07,1.48274974E+07,3.37520360E-01
5,2.47000000E+07,2.47176724E+07,3.37520360E-01
7,3.46000000E+07,3.46067379E+07,3.37520360E-01
9,4.45000000E+07,4.44954336E+07,3.37520360E-01
11,5.44000000E+07,5.43839612E+07,3.37520360E-01
