overtone,offset_vals,offset_vals_FIT,crystal_thickness(mm)
1,4.96192916E+06,4.94162132E+06,3.36695103E-01
3,1.48708690E+07,1.48638403E+07,3.36695103E-01
5,2.47811984E+07,2.47782567E+07,3.36695103E-01
7,3.46899477E+07,3.46915608E+07,3.36695103E-01
9,4.45995226E+07,4.46044942E+07,3.36695103E-01
