overtone,offset_vals,offset_vals_FIT,crystal_thickness(mm)
1,4.96045800E+06,4.93867566E+06,3.36895924E-01
3,1.48633410E+07,1.48549801E+07,3.36895924E-01
5,2.47688458E+07,2.47634866E+07,3.36895924E-01
7,3.46728918E+07,3.46708814E+07,3.36895924E-01
9,4.45776487E+07,4.45779058E+07,3.36895924E-01
11,5.44821217E+07,5.44847618E+07,3.36895924E-01
13,6.43871962E+07,6.43915272E+07,3.36895924E-01
