overtone,offset_vals,offset_vals_FIT,crystal_thickness(mm)
1,4.95665337E+06,4.93416931E+06,3.37203609E-01
3,1.48509007E+07,1.48414255E+07,3.37203609E-01
5,2.47469156E+07,2.47408909E+07,3.37203609E-01
7,3.46414985E+07,3.46392456E+07,3.37203609E-01
9,4.45369439E+07,4.45372302E+07,3.37203609E-01
11,5.44321257E+07,5.44350466E+07,3.37203609E-01
13,6.43280017E+07,6.43327724E+07,3.37203609E-01
