overtone,Ddis_mean,Ddis_std_dev,Ddis_median,range_name,x_lower,x_upper,data_source
fundamental_dis,0.0000000000000000E+00,0.0000000000000000E+00,0.0000000000000000E+00,raw test,0.0000000000000000E+00,0.0000000000000000E+00,raw_data/Formatted-QSM-I-BSA_1mgpml.csv
3rd_dis,1.0041486389183583E-10,1.5856452424123577E-14,1.0041427243190000E-10,raw test,2947.1121006,3209.4116656,raw_data/Formatted-QSM-I-BSA_1mgpml.csv
5th_dis,7.9679242842773903E-11,1.9527835851190069E-14,7.9679807268589811E-11,raw test,2947.1121006,3209.4116656,raw_data/Formatted-QSM-I-BSA_1mgpml.csv
7th_dis,6.8583954601160624E-11,3.5598442196058539E-14,6.8584439822536905E-11,raw test,2947.1121006,3209.4116656,raw_data/Formatted-QSM-I-BSA_1mgpml.csv
9th_dis,6.3169324940552188E-11,7.0619211797867617E-14,6.3173550924653205E-11,raw test,2947.1121006,3209.4116656,raw_data/Formatted-QSM-I-BSA_1mgpml.csv
11th_dis,5.8938721731889765E-11,4.1843351629365534E-14,5.8946747829100101E-11,raw test,2947.1121006,3209.4116656,raw_data/Formatted-QSM-I-BSA_1mgpml.csv
13th_dis,5.6802232437707160E-11,1.0510203219753896E-13,5.6816439172213100E-11,raw test,2947.1121006,3209.4116656,raw_data/Formatted-QSM-I-BSA_1mgpml.csv
