overtone,Dfreq_mean,Dfreq_std_dev,Dfreq_median,range_name,x_lower,x_upper,data_source
fundamental_freq,0.0000000000000000E+00,0.0000000000000000E+00,0.0000000000000000E+00,raw test,0.0000000000000000E+00,0.0000000000000000E+00,raw_data/Formatted-QSM-I-BSA_1mgpml.csv
3rd_freq,1.4865988734285887E+07,1.9754261498013001E-01,1.4865988723138699E+07,raw test,2947.1121006,3209.4116656,raw_data/Formatted-QSM-I-BSA_1mgpml.csv
5th_freq,2.4773405328822296E+07,2.6915835873123140E-01,2.4773405307470702E+07,raw test,2947.1121006,3209.4116656,raw_data/Formatted-QSM-I-BSA_1mgpml.csv
7th_freq,3.4679471974264652E+07,6.4509694464453537E-01,3.4679471999859698E+07,raw test,2947.1121006,3209.4116656,raw_data/Formatted-QSM-I-BSA_1mgpml.csv
9th_freq,4.4586274750553854E+07,1.2553416916776725E+00,4.4586274696791403E+07,raw test,2947.1121006,3209.4116656,raw_data/Formatted-QSM-I-BSA_1mgpml.csv
11th_freq,5.4492892346581012E+07,8.7451228577757001E-01,5.4492892381226704E+07,raw test,2947.1121006,3209.4116656,raw_data/Formatted-QSM-I-BSA_1mgpml.csv
13th_freq,6.4400106101279415E+07,2.6935570987277302E+00,6.4400106173958197E+07,raw test,2947.1121006,3209.4116656,raw_data/Formatted-QSM-I-BSA_1mgpml.csv
