overtone,Dfreq_mean,Dfreq_std_dev,Dfreq_median,range_name,x_lower,x_upper,data_source
fundamental_freq,4.9608656308867922E+06,5.2804609701710248E-02,4.9608656349999998E+06,33,68.62926233333333,73.00304731666667,raw_data/Formatted-QSM-I-BSA_1mgpml.csv
3rd_freq,1.4865989473584905E+07,1.1009591590642021E-01,1.4865989449999999E+07,33,68.62926233333333,73.00304731666667,raw_data/Formatted-QSM-I-BSA_1mgpml.csv
5th_freq,2.4773405904905662E+07,1.7636393150956550E-01,2.4773405890000001E+07,33,68.62926233333333,73.00304731666667,raw_data/Formatted-QSM-I-BSA_1mgpml.csv
7th_freq,3.4679472065094337E+07,5.3809805752823858E-01,3.4679472009999998E+07,33,68.62926233333333,73.00304731666667,raw_data/Formatted-QSM-I-BSA_1mgpml.csv
9th_freq,4.4586274574528299E+07,1.4640555796433847E+00,4.4586274469999999E+07,33,68.62926233333333,73.00304731666667,raw_data/Formatted-QSM-I-BSA_1mgpml.csv
11th_freq,5.4492891420943394E+07,8.5575358796239687E-01,5.4492891390000001E+07,33,68.62926233333333,73.00304731666667,raw_data/Formatted-QSM-I-BSA_1mgpml.csv
13th_freq,6.4400108071698107E+07,2.3314184977159158E+00,6.4400107890000001E+07,33,68.62926233333333,73.00304731666667,raw_data/Formatted-QSM-I-BSA_1mgpml.csv
