overtone,Ddis_average,Ddis_std_dev,Ddis_median,range_name,x_lower,x_upper,data_source
fundamental_dis,1.8779554237288137E-10,2.4878226838755371E-14,1.8779399999999999E-10,tesyt,3037.881094,3330.53315,raw_data/Formatted-QSM-I-BSA_1mgpml.csv
3rd_dis,1.0041713559322033E-10,1.6868843637459519E-14,1.0041900000000000E-10,tesyt,3037.881094,3330.53315,raw_data/Formatted-QSM-I-BSA_1mgpml.csv
5th_dis,7.9694915254237282E-11,2.1968612536974018E-14,7.9699999999999994E-11,tesyt,3037.881094,3330.53315,raw_data/Formatted-QSM-I-BSA_1mgpml.csv
7th_dis,6.8584745762711878E-11,4.8059141961893249E-14,6.8600000000000001E-11,tesyt,3037.881094,3330.53315,raw_data/Formatted-QSM-I-BSA_1mgpml.csv
9th_dis,6.3172881355932201E-11,8.6024254511518048E-14,6.3199999999999999E-11,tesyt,3037.881094,3330.53315,raw_data/Formatted-QSM-I-BSA_1mgpml.csv
11th_dis,5.8938983050847445E-11,5.2130699997391320E-14,5.8899999999999998E-11,tesyt,3037.881094,3330.53315,raw_data/Formatted-QSM-I-BSA_1mgpml.csv
13th_dis,5.6811864406779662E-11,1.0749023725903699E-13,5.6800000000000000E-11,tesyt,3037.881094,3330.53315,raw_data/Formatted-QSM-I-BSA_1mgpml.csv
