overtone,Dfreq_average,Dfreq_std_dev,Dfreq_median,range_name,x_lower,x_upper,data_source
fundamental_freq,4.9608646696779663E+06,5.4866692254811313E-02,4.9608646679999996E+06,tesyt,3037.881094,3330.53315,raw_data/Formatted-QSM-I-BSA_1mgpml.csv
3rd_freq,1.4865988586440675E+07,1.6469553549779117E-01,1.4865988539999999E+07,tesyt,3037.881094,3330.53315,raw_data/Formatted-QSM-I-BSA_1mgpml.csv
5th_freq,2.4773405127457630E+07,2.3819656582323709E-01,2.4773405030000001E+07,tesyt,3037.881094,3330.53315,raw_data/Formatted-QSM-I-BSA_1mgpml.csv
7th_freq,3.4679471651525423E+07,6.4719685949099193E-01,3.4679471649999999E+07,tesyt,3037.881094,3330.53315,raw_data/Formatted-QSM-I-BSA_1mgpml.csv
9th_freq,4.4586274339152537E+07,1.0447062486713337E+00,4.4586274289999999E+07,tesyt,3037.881094,3330.53315,raw_data/Formatted-QSM-I-BSA_1mgpml.csv
11th_freq,5.4492891969830506E+07,8.3120800672083506E-01,5.4492892070000000E+07,tesyt,3037.881094,3330.53315,raw_data/Formatted-QSM-I-BSA_1mgpml.csv
13th_freq,6.4400105446101703E+07,2.4115674746144977E+00,6.4400105500000000E+07,tesyt,3037.881094,3330.53315,raw_data/Formatted-QSM-I-BSA_1mgpml.csv
