overtone,Ddis_mean,Ddis_std_dev,Ddis_median,range_name,x_lower,x_upper,data_source
fundamental_dis,1.8702879245283020E-10,2.4149970499272253E-14,1.8702700000000000E-10,33,68.62926233333333,73.00304731666667,raw_data/Formatted-QSM-I-BSA_1mgpml.csv
3rd_dis,9.9986999999999996E-11,3.3955575861345455E-14,1.0000000000000000E-10,33,68.62926233333333,73.00304731666667,raw_data/Formatted-QSM-I-BSA_1mgpml.csv
5th_dis,7.9309433962264142E-11,2.9230062990246063E-14,7.9300000000000000E-11,33,68.62926233333333,73.00304731666667,raw_data/Formatted-QSM-I-BSA_1mgpml.csv
7th_dis,6.8307547169811307E-11,4.6980753199952077E-14,6.8300000000000012E-11,33,68.62926233333333,73.00304731666667,raw_data/Formatted-QSM-I-BSA_1mgpml.csv
9th_dis,6.2926415094339614E-11,7.0445866802246681E-14,6.2899999999999997E-11,33,68.62926233333333,73.00304731666667,raw_data/Formatted-QSM-I-BSA_1mgpml.csv
11th_dis,5.8715094339622630E-11,5.2830188679243121E-14,5.8700000000000002E-11,33,68.62926233333333,73.00304731666667,raw_data/Formatted-QSM-I-BSA_1mgpml.csv
13th_dis,5.6516981132075461E-11,1.0592957620843835E-13,5.6499999999999999E-11,33,68.62926233333333,73.00304731666667,raw_data/Formatted-QSM-I-BSA_1mgpml.csv
