overtone,Dm_mean,Dm_std_dev,Dm_median,range_used,data_source
1,9.1683848099078034E+02,1.5646033915032080E+00,9.1687524738321076E+02,y,raw_data/Formatted-qcmi_sample.csv
3,7.8271897157878948E+02,1.6952263257738109E+00,7.8266384504847224E+02,y,raw_data/Formatted-qcmi_sample.csv
5,7.2989319649867230E+02,1.7541996296003231E+00,7.3006454167395827E+02,y,raw_data/Formatted-qcmi_sample.csv
7,7.0637121160969605E+02,2.7876514491857267E+00,7.0618097230643036E+02,y,raw_data/Formatted-qcmi_sample.csv
9,6.9584304130406952E+02,5.1393173742406866E+00,6.9578419341395295E+02,y,raw_data/Formatted-qcmi_sample.csv
11,6.7303431005290543E+02,4.4559851915176614E+00,6.7340914465277024E+02,y,raw_data/Formatted-qcmi_sample.csv
