overtone,Dm_mean,Dm_std_dev,Dm_median,range_used,data_source
1,9.1653653493449099E+02,1.6534496865743922E+00,9.1669268773980434E+02,y,qcmi_sample
3,7.8272144651310509E+02,1.9954635609438869E+00,7.8277309470912428E+02,y,qcmi_sample
5,7.2934133001320049E+02,1.9869547780765415E+00,7.2965546784315256E+02,y,qcmi_sample
7,7.0470582929498369E+02,2.7995344088751679E+00,7.0460488098966221E+02,y,qcmi_sample
9,6.9500076418531432E+02,5.3426160394417206E+00,6.9450700918609891E+02,y,qcmi_sample
11,6.7236972247426479E+02,4.7059171641420621E+00,6.7251610977270389E+02,y,qcmi_sample
