overtone,Dm_mean,Dm_std_dev,Dm_median,range_used,data_source
1,9.1480693262273905E+02,1.6178601663933758E+00,9.1468986131921406E+02,y,raw_data/Formatted-qcmi_sample.csv
3,7.7760101657986934E+02,2.1958910099021254E+00,7.7775962875597179E+02,y,raw_data/Formatted-qcmi_sample.csv
5,7.2531603996330125E+02,2.3749442496245869E+00,7.2534980646908286E+02,y,raw_data/Formatted-qcmi_sample.csv
7,7.0048226385986459E+02,3.5456488728987701E+00,7.0061508972996035E+02,y,raw_data/Formatted-qcmi_sample.csv
9,6.9062570303082225E+02,5.9421232689388992E+00,6.9068866823663302E+02,y,raw_data/Formatted-qcmi_sample.csv
11,6.6533197465114722E+02,4.2793629727890297E+00,6.6575390510640352E+02,y,raw_data/Formatted-qcmi_sample.csv
