overtone,avg_Df,avg_Df_err,avg_Df_FIT,avg_Dm,avg_Dm_err,C,range_name,data_source
1,-1.85512738E+01,3.14697206E-02,-1.73337893E+01,3.33593881E+02,5.65896786E-01,-1.79822628E+01,test,raw_data/Formatted-QSM-I-BSA_1mgpml.csv
3,-5.50334900E+01,7.50183811E-02,-5.31740440E+01,3.29875560E+02,4.49666748E-01,-1.79822628E+01,test,raw_data/Formatted-QSM-I-BSA_1mgpml.csv
5,-8.77410106E+01,1.24671665E-01,-8.90142986E+01,3.15556382E+02,4.48375730E-01,-1.79822628E+01,test,raw_data/Formatted-QSM-I-BSA_1mgpml.csv
7,-1.23216710E+02,5.91139964E-01,-1.24854553E+02,3.16530751E+02,1.51857631E+00,-1.79822628E+01,test,raw_data/Formatted-QSM-I-BSA_1mgpml.csv
9,-1.57754689E+02,8.96936674E-01,-1.60694808E+02,3.15198475E+02,1.79210567E+00,-1.79822628E+01,test,raw_data/Formatted-QSM-I-BSA_1mgpml.csv
11,-1.95819847E+02,6.59573317E-01,-1.96535063E+02,3.20116723E+02,1.07823825E+00,-1.79822628E+01,test,raw_data/Formatted-QSM-I-BSA_1mgpml.csv
13,-2.35864853E+02,2.37278587E+00,-2.32375317E+02,3.26260291E+02,3.28215839E+00,-1.79822628E+01,test,raw_data/Formatted-QSM-I-BSA_1mgpml.csv
