overtone,Dm_mean,Dm_std_dev,Dm_median,range_used,data_source
1,9.1601871544500136E+02,1.8030287542989329E+00,9.1597121839402234E+02,y,qcmi_sample
3,7.8174875490948841E+02,2.3847745006168055E+00,7.8199827543999993E+02,y,qcmi_sample
5,7.2844199750186033E+02,2.3463983803082629E+00,7.2874637389384213E+02,y,qcmi_sample
7,7.0346035285427843E+02,3.5426022252114140E+00,7.0370646363730930E+02,y,qcmi_sample
9,6.9404727501256275E+02,5.2417860293107221E+00,6.9403602635065715E+02,y,qcmi_sample
11,6.7073094067267687E+02,5.2068239893265726E+00,6.7077911995032969E+02,y,qcmi_sample
