n*Df,bandwidth_shift,bandwidth_shift_FIT,range_used,data_source
-5.1800295706909331E+01,5.3473192246232522E+01,5.7333745699567444E+01,y,raw_data/Formatted-qcmi_sample.csv
-3.9798722452840633E+02,5.7702903675686457E+01,6.0482643540933303E+01,y,raw_data/Formatted-qcmi_sample.csv
-1.0308466245379477E+03,7.3495119547976131E+01,6.6239098891116896E+01,y,raw_data/Formatted-qcmi_sample.csv
-1.9555853621835513E+03,7.8169569182323585E+01,7.4650473129631493E+01,y,raw_data/Formatted-qcmi_sample.csv
-3.1843532387922919E+03,8.1613896384553399E+01,8.5827280201362555E+01,y,raw_data/Formatted-qcmi_sample.csv
-4.6008435624021859E+03,9.8790161061714045E+01,9.8711600639211042E+01,y,raw_data/Formatted-qcmi_sample.csv
