sq_overtones,delta_gamma_norm,delta_gamma_norm_fit,delta_freqs_norm,delta_freq_norm_fit,range_used,data_source
1.0000000000000000E+00,5.3473192246232522E+01,3.0785704336738366E+01,5.3473192246232522E+01,3.0785704336738366E+01,y,raw_data/Formatted-qcmi_sample.csv
9.0000000000000000E+00,1.9234301225228819E+01,2.8840233111948990E+01,1.9234301225228819E+01,2.8840233111948990E+01,y,raw_data/Formatted-qcmi_sample.csv
2.5000000000000000E+01,1.4699023909595226E+01,2.4949290662370238E+01,1.4699023909595226E+01,2.4949290662370238E+01,y,raw_data/Formatted-qcmi_sample.csv
4.9000000000000000E+01,1.1167081311760512E+01,1.9112876988002107E+01,1.1167081311760512E+01,1.9112876988002107E+01,y,raw_data/Formatted-qcmi_sample.csv
8.1000000000000000E+01,9.0682107093948225E+00,1.1330992088844603E+01,9.0682107093948225E+00,1.1330992088844603E+01,y,raw_data/Formatted-qcmi_sample.csv
1.2100000000000000E+02,8.9809237328830953E+00,1.6036359648977232E+00,8.9809237328830953E+00,1.6036359648977232E+00,y,raw_data/Formatted-qcmi_sample.csv
