overtone,calibration_freq,std_dev,range_used,data_source
1,4.9982646288593905E+06,8.8538832916318297E-02,y,qcmi_sample
3,1.4973129103321057E+07,1.8952010589677210E-01,y,qcmi_sample
5,2.4948804621934183E+07,3.7894376224223270E-01,y,qcmi_sample
7,3.4922997336891457E+07,1.0219255392726931E+00,y,qcmi_sample
9,4.4898694293248698E+07,2.2111852885489585E+00,y,qcmi_sample
11,5.4874431033173099E+07,2.1547172994202524E+00,y,qcmi_sample
