,fundamental_freq,fundamental_dis,3rd_freq,3rd_dis,5th_freq,5th_dis,7th_freq,7th_dis,9th_freq,9th_dis,11th_freq,11th_dis,13th_freq,13th_dis
index,4953935.458188463,0.000308290223225385,14845624.487639725,0.000166364698298615,24739861.838315792,0.00013078167831065998,34632777.68885433,0.00011083026938216,44526450.386268064,9.973666610534735e-05,,,64313925.41426887,8.487376932853452e-05
