,fundamental_freq,fundamental_dis,3rd_freq,3rd_dis,5th_freq,5th_dis,7th_freq,7th_dis,9th_freq,9th_dis,11th_freq,11th_dis,13th_freq,13th_dis
index,4957039.8552698735,0.00029839857703088505,14855635.135458266,0.00016131830162720499,24756651.35879437,0.00012662851175557,34656257.2685028,0.00010634978693459498,44556498.04934774,9.566961251432113e-05,54456356.50554745,8.490537852598082e-05,64356560.88782109,
