,fundamental_freq,fundamental_dis,3rd_freq,3rd_dis,5th_freq,5th_dis,7th_freq,7th_dis,9th_freq,9th_dis,11th_freq,11th_dis,13th_freq,13th_dis
index,4960880.586307694,0.0001868363076923077,14866036.714102564,9.941210256410257e-05,24773482.752820518,7.854871794871797e-05,34679581.57358975,6.729487179487179e-05,44586415.987948716,6.172564102564103e-05,54493067.89307692,5.720000000000001e-05,64400317.536153845,5.4907692307692315e-05
