,fundamental_freq,fundamental_dis,3rd_freq,3rd_dis,5th_freq,5th_dis,7th_freq,7th_dis,9th_freq,9th_dis,11th_freq,11th_dis,13th_freq,13th_dis
index,4960882.8954,0.00018677395,14866043.3875,9.9255e-05,24773492.811499998,7.836499999999999e-05,34679594.901499994,6.711500000000001e-05,44586431.9505,6.155999999999999e-05,54493088.031,5.6974999999999996e-05,64400341.08549999,5.469499999999999e-05
