,fundamental_freq,fundamental_dis,3rd_freq,3rd_dis,5th_freq,5th_dis,7th_freq,7th_dis,9th_freq,9th_dis,11th_freq,11th_dis,13th_freq,13th_dis
index,4960883.206789473,0.0001868548947368421,14866043.570526315,9.939473684210525e-05,24773492.818421055,7.85e-05,34679594.79157895,6.718421052631578e-05,44586431.72157894,6.157894736842106e-05,54493087.56526317,5.706315789473684e-05,64400341.18052633,5.4736842105263165e-05
