,fundamental_freq,fundamental_dis,3rd_freq,3rd_dis,5th_freq,5th_dis,7th_freq,7th_dis,9th_freq,9th_dis,11th_freq,11th_dis,13th_freq,13th_dis
index,4960872.26702551,0.0001875003724489796,14866011.770204082,0.00010000250000000003,24773441.838316325,7.91576530612245e-05,34679523.64571428,6.798367346938775e-05,44586341.12336735,6.25061224489796e-05,54492973.93209183,5.813877551020409e-05,64400204.09122449,5.5910204081632654e-05
