fundamental_freq,fundamental_dis,3rd_freq,3rd_dis,5th_freq,5th_dis,7th_freq,7th_dis,9th_freq,9th_dis,11th_freq,11th_dis,13th_freq,13th_dis
4960458.0,1.25169893586439e-05,14863341,5.520293183073711e-06,24768845.77,5.044643628543213e-06,34672891.79,5.683402503417209e-06,44577648.68,6.570781740926943e-06,54482121.73,7.258160795567093e-06,64387196.19,8.070393350669057e-06
