,fundamental_freq,fundamental_dis,3rd_freq,3rd_dis,5th_freq,5th_dis,7th_freq,7th_dis,9th_freq,9th_dis,11th_freq,11th_dis,13th_freq,13th_dis
index,4960882.983551723,0.00018677467241379311,14866043.466724139,9.928275862068967e-05,24773492.923793107,7.838793103448277e-05,34679594.975172415,6.711896551724138e-05,44586432.26465517,6.154655172413793e-05,54493088.056896545,5.6994827586206904e-05,64400341.37896552,5.469482758620689e-05
