,fundamental_freq,fundamental_dis,3rd_freq,3rd_dis,5th_freq,5th_dis,7th_freq,7th_dis,9th_freq,9th_dis,11th_freq,11th_dis,13th_freq,13th_dis
index,4957352.427876394,0.0002892476137057278,14856596.75908183,0.00015874377963895556,24758322.364255667,0.00012543339709167778,34658668.1721755,0.00010512780810098889,44559712.172467574,9.419612634080866e-05,54460511.149158776,8.411751008026468e-05,64361851.67543939,7.80082123405236e-05
