,fundamental_freq,fundamental_dis,3rd_freq,3rd_dis,5th_freq,5th_dis,7th_freq,7th_dis,9th_freq,9th_dis,11th_freq,11th_dis,13th_freq,13th_dis
index,4960879.828,0.000182677,14866039.83,0.000102817,24773487.86,8.32E-05,34679587.84,7.53E-05,44586423.58,7.34E-05,54493075.98,6.89E-05,64400326.33,6.33E-05
