,3rd_freq,3rd_dis,5th_freq,5th_dis,7th_freq,7th_dis,9th_freq,9th_dis,11th_freq,11th_dis
index,14866043.79867254,9.939130432103813e-05,24773492.886198476,7.849130429066373e-05,34679594.83343578,6.718695649305199e-05,44586432.19754931,6.159130425659702e-05,54493087.56394328,5.7065217454018574e-05
