,fundamental_freq,fundamental_dis,3rd_freq,3rd_dis,5th_freq,5th_dis,7th_freq,7th_dis,9th_freq,9th_dis,11th_freq,11th_dis,13th_freq,13th_dis
index,4959616.869592696,694.6918323637403,14867937.817287603,274.69250046937515,24766670.149716802,143.28477739039715,34670208.46862056,116.61741648247974,44574430.157172784,104.57404472268998,54478433.11799787,96.32193899132643,64383124.00752406,90.78654293494485
