,fundamental_freq,fundamental_dis,3rd_freq,3rd_dis,5th_freq,5th_dis,7th_freq,7th_dis,9th_freq,9th_dis,11th_freq,11th_dis,13th_freq,13th_dis
index,4957039.774985186,0.00029841044912384357,14855635.082996424,0.00016133994660888972,24756651.112430017,0.00012663032326273076,34656257.10667523,0.00010636872866902052,44556498.12741644,9.576454042482686e-05,54456355.827113025,8.483802563141197e-05,64356559.00585523,
