,fundamental_freq,fundamental_dis,3rd_freq,3rd_dis,5th_freq,5th_dis,7th_freq,7th_dis,9th_freq,9th_dis,11th_freq,11th_dis,13th_freq,13th_dis
index,4960883.203285714,0.0001868544285714286,14866043.57047619,9.939047619047619e-05,24773492.80761905,7.85e-05,34679594.74428571,6.718571428571426e-05,44586431.95666666,6.158095238095238e-05,54493087.51095238,5.706666666666667e-05,64400341.10285716,5.473333333333334e-05
