,fundamental_freq,fundamental_dis,3rd_freq,3rd_dis,5th_freq,5th_dis,7th_freq,7th_dis,9th_freq,9th_dis,11th_freq,11th_dis,13th_freq,13th_dis
index,4960883.201652173,0.0001868565652173913,14866043.555652173,9.939130434782609e-05,24773492.75695652,7.84913043478261e-05,34679594.69130434,6.718695652173911e-05,44586432.0173913,6.159130434782609e-05,54493087.56173913,5.706521739130435e-05,64400340.9478261,5.4739130434782616e-05
