,fundamental_freq,fundamental_dis,3rd_freq,3rd_dis,5th_freq,5th_dis,7th_freq,7th_dis,9th_freq,9th_dis,11th_freq,11th_dis,13th_freq,13th_dis,Temp_Time
index,4960879.827777708,0.000182677272814409,14866039.83024781,0.00010281718420223627,24773487.857292067,8.31567257841105e-05,34679587.843824595,7.527633859310936e-05,44586423.57692679,7.335587492197538e-05,54493075.983088166,6.891077198763845e-05,64400326.3255989,6.329885396935399e-05,8344.470934373558
