,fundamental_freq,fundamental_dis,3rd_freq,3rd_dis,5th_freq,5th_dis,7th_freq,7th_dis,9th_freq,9th_dis,11th_freq,11th_dis,13th_freq,13th_dis
index,4957669.573032385,0.0003666056262898517,14854449.37881948,0.0001730324233043017,24753468.73148412,0.0001350065866369151,34651181.74782129,0.00011104154678401086,44549842.58259819,9.858200589356181e-05,54448332.85461782,8.96595472241833e-05,64347615.9223045,8.472927883451998e-05
