,7th_freq,7th_dis,9th_freq,9th_dis,11th_freq,11th_dis
index,34637991.23588461,0.00011317623752924782,44533175.1271398,9.94911563107893e-05,54428073.683757536,8.904198094204672e-05
