,fundamental_freq,fundamental_dis,3rd_freq,3rd_dis,5th_freq,5th_dis,7th_freq,7th_dis,9th_freq,9th_dis,11th_freq,11th_dis,13th_freq,13th_dis
index,4964222.230290558,0.00029570877127618733,14875751.314002302,0.00016274802213490564,24790001.016399678,0.00012688777241319718,34702904.906818666,0.00010619673076101691,44616563.357964784,9.585737925933816e-05,54530036.44798302,8.614744989488545e-05,64444080.29642425,8.029324220624333e-05
