,fundamental_freq,fundamental_dis,3rd_freq,3rd_dis,5th_freq,5th_dis,7th_freq,7th_dis,9th_freq,9th_dis,11th_freq,11th_dis,13th_freq,13th_dis
index,4958186.220670128,0.00030392101512891995,14858527.158916444,0.000163144667511825,24761297.987639032,0.00012900303879504501,34662710.04488281,0.00010811009187067501,44564870.41330793,9.764980081954551e-05,54466831.29127896,8.869622669008354e-05,64369374.47565812,8.334984011750806e-05
