,fundamental_freq,fundamental_dis,3rd_freq,3rd_dis,5th_freq,5th_dis,7th_freq,7th_dis,9th_freq,9th_dis
index,4961929.155483872,0.0016620602450661455,14870868.97322581,0.0037042739784945876,24781198.354516126,0.004327495268817174,34689947.69290323,0.0054735879569892225,44599522.55903225,0.006660583010752654
