,fundamental_freq,fundamental_dis,3rd_freq,3rd_dis,5th_freq,5th_dis,7th_freq,7th_dis,9th_freq,9th_dis,11th_freq,11th_dis,13th_freq,13th_dis
index,4960883.211222221,0.00018685483333333333,14866043.578333333,9.939444444444444e-05,24773492.817222223,7.85e-05,34679594.78,6.718333333333332e-05,44586431.68611111,6.157777777777778e-05,54493087.528888896,5.706111111111111e-05,64400341.33944445,5.473333333333334e-05
