,fundamental_freq,fundamental_dis,3rd_freq,3rd_dis,5th_freq,5th_dis,7th_freq,7th_dis,9th_freq,9th_dis,11th_freq,11th_dis,13th_freq,13th_dis
index,"4957669.88674703	","0.00036583894039661	","14854450.995203	","0.000172766592852273	","24753470.4832194	","0.000134827163139902	","34651184.9821108	","0.000111390149744302	","44549846.5347905	",9.85E-05,"54448338.9875489	",8.96E-05,"64347624.2205778	",8.47E-05
