,fundamental_freq,fundamental_dis,3rd_freq,3rd_dis,5th_freq,5th_dis,7th_freq,7th_dis,9th_freq,9th_dis,11th_freq,11th_dis,13th_freq,13th_dis
index,4955463.648913166,8.957655762023939e-06,14848665.537828656,3.970028251055779e-06,24744512.992664818,4.985330677911643e-06,34639031.22645742,4.430373612825623e-06,44534227.499511816,4.868488949931873e-06,54429207.10145779,5.3827490294258916e-06,64324770.66895252,6.0737346011907175e-06
