,fundamental_freq,fundamental_dis,3rd_freq,3rd_dis,5th_freq,5th_dis,7th_freq,7th_dis,9th_freq,9th_dis,11th_freq,11th_dis,13th_freq,13th_dis
index,4961364.266984948,1.732115464825956e-05,14868181.956064204,4.218933244724063e-06,24776939.82477327,3.979453197022722e-06,34684245.231529854,4.4881727661879974e-06,44592238.055487014,4.935077093279418e-06,54499979.93433499,5.653957609049524e-06,64408312.560665704,6.314960439554128e-06
